position,title,link,snippet
1,Coffee,https://en.wikipedia.org/wiki/Coffee,"Coffee is a beverage brewed from roasted, ground coffee beans. Darkly colored, bitter, and slightly acidic, coffee has a stimulating effect on humans, primarily ..."
2,Craft Coffee Beans Online & In Shops | Stumptown Coffee ...,https://www.stumptowncoffee.com/?srsltid=AfmBOoo-XmnmSPtz3F33RdKnD2C4mmdt7tqwhEgNCnYHj2AL-tqbmpZ6,"Stumptown Coffee Roasters brings you fresh beans, cold brew, and good vibes. Order online, visit a shop, or subscribe for the long haul."
3,"Buy Coffee, Tea, Powders Online | The Coffee Bean & Tea ...",https://www.coffeebean.com/,"Buy exceptional coffee, tea, powders, equipment and drinkware at The Coffee Bean & Tea Leaf® online store to enjoy our globally sourced products at home."
4,r/Coffee,https://www.reddit.com/r/Coffee/,thread where you can share what you are brewing or ask for bean recommendations. This is a place to share and talk about your favorite coffee roasters or beans.
5,9 Reasons Why (the Right Amount of) Coffee Is Good for You,https://www.hopkinsmedicine.org/health/wellness-and-prevention/9-reasons-why-the-right-amount-of-coffee-is-good-for-you,"Coffee is chock full of substances that may help guard against conditions more common in women, including Alzheimer's disease and heart disease."
6,"Whole Bean, Ground & K-Cup Coffee | BRCC",https://www.blackriflecoffee.com/collections/coffee?srsltid=AfmBOorJACulkepPD1Lm2prUru2XXLFd4WrLU0fcKvsYaPD6DtlF2Wy_,"Shop all coffee including whole bean, ground, pods, and ready to drink options. Roasted in the USA for bold flavor. Sort by. Featured Most relevant"
7,Coffee - The Nutrition Source,https://nutritionsource.hsph.harvard.edu/food-features/coffee/,"A plain “black” cup of coffee is a very low calorie drink—8 ounces only contains 2 calories! However, adding sugar, cream, and milk can quickly bump up the ..."
8,Buy Freshly Roasted Coffee Online - Free Shipping over $40,https://www.verenastreet.com/collections/coffee?srsltid=AfmBOooNrbzMYazzu1jSsM7fNEyxcjVNAHkfYQ_4MsUFxJt_o_274x03,"Whole bean or ground coffee. Craft blends, unique flavors. Light roast w/out the bite, dark roast w/out the burn. Skip the bitter, boring life. Shop now!"
9,Office Coffee Service Refreshments | Discount Coffee Ships ...,https://www.discountcoffee.com/,"Buy Breakroom Coffee Supplies, Starbucks, k-cup, pods, tea, sugar, creamer, hot chocolate, cappuccino. Free UPS Ground to homes & businesses nationwide."
